protein,chain,residue,residue_name,score
folded,A,97,Q,-1.7709
folded,A,98,E,-1.7520
folded,A,99,I,0.1485
folded,A,100,H,-1.2185
folded,A,101,L,-1.3227
folded,A,102,A,-1.2784
folded,A,103,E,-2.2625
folded,A,104,A,-1.2109
folded,A,105,V,-0.5804
folded,A,106,E,-1.6558
folded,A,107,G,-0.6715
folded,A,108,L,0.0000
folded,A,109,L,1.1623
folded,A,110,L,1.1159
folded,A,111,E,0.0000
folded,A,112,V,-0.3139
folded,A,113,N,-1.8882
folded,A,114,R,-2.6233
folded,A,115,L,0.0000
folded,A,116,D,-2.7247
folded,A,117,E,-3.3051
folded,A,118,L,-2.0901
folded,A,119,F,0.0000
folded,A,120,R,-2.7251
folded,A,121,Q,-2.2541
folded,A,122,G,-1.5413
folded,A,123,S,-1.4845
folded,A,124,F,0.0000
folded,A,125,L,-1.6798
folded,A,126,R,-2.9257
folded,A,127,E,-2.6824
folded,A,128,K,-2.0105
folded,A,129,T,-2.0476
folded,A,130,Q,-2.7721
folded,A,131,L,-2.3664
folded,A,132,E,-2.7820
folded,A,133,A,-2.9520
folded,A,134,R,-3.4091
folded,A,135,F,-3.2001
folded,A,136,K,-4.2797
folded,A,137,E,-4.5962
folded,A,138,A,-3.4506
folded,A,139,R,-4.2956
folded,A,140,E,-4.2883
folded,A,141,Q,-3.9437
folded,A,142,Q,-3.0079
folded,A,143,L,-2.2035
folded,A,144,E,-3.0560
folded,A,145,A,-2.1992
folded,A,146,L,-1.4303
folded,A,147,R,-2.0474
folded,A,148,R,-2.8001
folded,A,149,E,-2.0934
folded,A,150,A,-1.6288
folded,A,151,Q,-2.3570
folded,A,152,E,-1.8823
folded,A,153,A,-0.9217
folded,A,154,G,-0.3208
folded,A,155,F,1.5162
folded,A,156,A,1.5248
folded,A,157,L,1.9706
folded,A,170,G,-0.5485
folded,A,171,P,0.3028
folded,A,172,V,0.9681
folded,A,173,P,-0.1658
folded,A,174,A,-0.6358
folded,A,175,E,-1.4741
folded,A,176,L,-1.0598
folded,A,177,S,-0.8259
folded,A,178,A,-1.2463
folded,A,179,R,-1.2842
folded,A,180,L,-0.3558
folded,A,181,E,-1.4394
folded,A,182,E,-1.8988
folded,A,183,V,-1.1946
folded,A,184,T,-0.3949
folded,A,185,L,0.5716
folded,A,186,G,-0.5502
folded,A,187,S,-1.1628
folded,A,189,A,-0.1270
folded,A,190,A,-1.0417
folded,A,191,S,-1.2128
folded,A,192,A,-1.0627
folded,A,193,E,-1.7085
folded,A,194,L,-1.7187
folded,A,195,E,-2.0614
folded,A,196,V,-0.8788
folded,A,197,A,-1.3135
folded,A,198,L,-1.7669
folded,A,199,R,-2.5621
folded,A,200,R,-2.8004
folded,A,201,L,-2.1704
folded,A,202,R,-2.1333
folded,A,203,R,-2.8089
folded,A,204,D,-2.7457
folded,A,205,W,-1.4065
folded,A,206,A,0.0000
folded,A,207,L,-1.5701
folded,A,208,H,-1.7839
folded,A,209,Y,-1.3131
folded,A,210,L,0.0000
folded,A,211,N,-2.6139
folded,A,212,N,-2.8899
folded,A,213,R,-2.5995
folded,A,214,F,0.0000
folded,A,215,E,-3.3554
folded,A,216,P,-2.4440
folded,A,217,L,-2.1604
folded,A,218,F,0.0000
folded,A,219,Q,-2.8439
folded,A,220,R,-3.0776
folded,A,221,F,0.0000
folded,A,222,P,-1.9834
folded,A,223,Q,-1.9136
folded,A,224,A,-1.4858
folded,A,225,R,-1.7750
folded,A,226,A,-0.5456
folded,A,227,Y,0.1693
folded,A,228,L,0.0000
folded,A,229,E,-0.9280
folded,A,230,A,-0.4919
folded,A,231,L,-0.5257
folded,A,232,R,-1.0880
folded,A,233,A,-1.2468
folded,A,234,R,-2.0003
folded,A,235,L,0.0000
folded,A,236,A,0.0000
folded,A,237,R,-2.5440
folded,A,238,Y,-1.3522
folded,A,239,A,0.0000
folded,A,240,E,-2.3677
folded,A,241,T,-1.1360
folded,A,242,G,-0.8162
