﻿mutation_vs_relax - TM-score Matrix
Protein1\Protein2,AF-B3DLH6-F1-model_v4,AF-B3LH09-F1-model_v4,AF-Q080T2-F1-model_v4,AF-Q09484-F1-model_v6,AF-Q313L3-F1-model_v4,AF-Q9BRI3-1-F1-model_v6
AF-B3DLH6-F1-model_v4,1.0000,0.2840,0.2567,0.3227,0.2695,0.3144
AF-B3LH09-F1-model_v4,0.2840,1.0000,0.2820,0.3320,0.3608,0.2253
AF-Q07534-F1-model_v6,0.2891,0.9834,0.3028,0.3280,0.3572,0.2355
AF-Q9WTR1-F1-model_v6,0.3063,0.2790,0.2282,0.2486,0.2555,0.3931
AF-Q9Y5S1-F1-model_v6,0.2727,0.2778,0.2182,0.2304,0.2460,0.4014
Q09484_260_457,0.2882,0.3652,0.2104,1.0000,0.2256,0.3335
