﻿number,megadock,,,,,,,,
106,5756.76,,Megadock scores,,,,,106,Megadock scores
305,5619.16,,Megadock scores,,,,,305,Megadock scores
132,5535.24,,Megadock scores,,,,,132,Megadock scores
56,5431.5,,Megadock scores,,,,,56,Megadock scores
472,5416.09,,Megadock scores,,,,,472,Megadock scores
431,5372.12,,Megadock scores,,,,,431,Megadock scores
77,5351.05,,Megadock scores,,,,,77,Megadock scores
103,5337.91,,Megadock scores,,,,,103,Megadock scores
343,5320.42,,Megadock scores,,,,,343,Megadock scores
198,5307.27,,Megadock scores,,,,,198,Megadock scores
493,5303.2,,Megadock scores,,,,,493,Megadock scores
70,5290.21,,Megadock scores,,,,,70,Megadock scores
399,5284.83,,Megadock scores,,,,,399,Megadock scores
327,5273.83,,Megadock scores,,,,,327,Megadock scores
302,5268.75,,Megadock scores,,,,,302,Megadock scores
360,5259.96,,Megadock scores,,,,,360,Megadock scores
409,5244.72,,Megadock scores,,,,,409,Megadock scores
55,5243.65,,Megadock scores,,,,,55,Megadock scores
117,5230.24,,Megadock scores,,,,,117,Megadock scores
205,5206.11,,Megadock scores,,,,,205,Megadock scores
41,5189.56,,Megadock scores,,,,,41,Megadock scores
450,5184.48,,Megadock scores,,,,,450,Megadock scores
410,5178.06,,Megadock scores,,,,,410,Megadock scores
415,5142.52,,Megadock scores,,,,,415,Megadock scores
275,5141.99,,Megadock scores,,,,,275,Megadock scores
295,5141.27,,Megadock scores,,,,,295,Megadock scores
277,5128.7,,Megadock scores,,,,,277,Megadock scores
266,5124.38,,Megadock scores,,,,,266,Megadock scores
286,5122.59,,Megadock scores,,,,,286,Megadock scores
282,5120.28,,Megadock scores,,,,,282,Megadock scores
183,5114.69,,Megadock scores,,,,,183,Megadock scores
307,5111.27,,Megadock scores,,,,,307,Megadock scores
426,5104.4,,Megadock scores,,,,,426,Megadock scores
82,5090.48,,Megadock scores,,,,,82,Megadock scores
303,5082.56,,Megadock scores,,,,,303,Megadock scores
12,5078.77,,Megadock scores,,,,,12,Megadock scores
192,5064.58,,Megadock scores,,,,,192,Megadock scores
20,5063.01,,Megadock scores,,,,,20,Megadock scores
69,5060.04,,Megadock scores,,,,,69,Megadock scores
193,5042.88,,Megadock scores,,,,,193,Megadock scores
363,5032.66,,Megadock scores,,,,,363,Megadock scores
79,5029.77,,Megadock scores,,,,,79,Megadock scores
119,5019.57,,Megadock scores,,,,,119,Megadock scores
296,5002.09,,Megadock scores,,,,,296,Megadock scores
402,5001.43,,Megadock scores,,,,,402,Megadock scores
329,4987.08,,Megadock scores,,,,,329,Megadock scores
325,4968.72,,Megadock scores,,,,,325,Megadock scores
134,4967.67,,Megadock scores,,,,,134,Megadock scores
38,4963.53,,Megadock scores,,,,,38,Megadock scores
288,4963.38,,Megadock scores,,,,,288,Megadock scores
434,4959.31,,Megadock scores,,,,,434,Megadock scores
184,4950.02,,Megadock scores,,,,,184,Megadock scores
414,4943.75,,Megadock scores,,,,,414,Megadock scores
233,4941.87,,Megadock scores,,,,,233,Megadock scores
212,4939.46,,Megadock scores,,,,,212,Megadock scores
10,4934.46,,Megadock scores,,,,,10,Megadock scores
75,4933.77,,Megadock scores,,,,,75,Megadock scores
333,4922.8,,Megadock scores,,,,,333,Megadock scores
385,4922.62,,Megadock scores,,,,,385,Megadock scores
65,4921.33,,Megadock scores,,,,,65,Megadock scores
403,4918.03,,Megadock scores,,,,,403,Megadock scores
326,4918.01,,Megadock scores,,,,,326,Megadock scores
231,4907.83,,Megadock scores,,,,,231,Megadock scores
66,4903.8,,Megadock scores,,,,,66,Megadock scores
317,4902.81,,Megadock scores,,,,,317,Megadock scores
54,4899.87,,Megadock scores,,,,,54,Megadock scores
373,4888.31,,Megadock scores,,,,,373,Megadock scores
127,4886.65,,Megadock scores,,,,,127,Megadock scores
336,4883.14,,Megadock scores,,,,,336,Megadock scores
18,4881.8,,Megadock scores,,,,,18,Megadock scores
443,4881.23,,Megadock scores,,,,,443,Megadock scores
499,4874.42,,Megadock scores,,,,,499,Megadock scores
215,4868.79,,Megadock scores,,,,,215,Megadock scores
420,4857.51,,Megadock scores,,,,,420,Megadock scores
135,4855.33,,Megadock scores,,,,,135,Megadock scores
428,4851.82,,Megadock scores,,,,,428,Megadock scores
398,4849.29,,Megadock scores,,,,,398,Megadock scores
31,4848.63,,Megadock scores,,,,,31,Megadock scores
131,4847.17,,Megadock scores,,,,,131,Megadock scores
228,4844.88,,Megadock scores,,,,,228,Megadock scores
80,4844.28,,Megadock scores,,,,,80,Megadock scores
68,4838.71,,Megadock scores,,,,,68,Megadock scores
78,4829.11,,Megadock scores,,,,,78,Megadock scores
216,4828.13,,Megadock scores,,,,,216,Megadock scores
109,4827.04,,Megadock scores,,,,,109,Megadock scores
112,4825.92,,Megadock scores,,,,,112,Megadock scores
267,4822.97,,Megadock scores,,,,,267,Megadock scores
232,4818.72,,Megadock scores,,,,,232,Megadock scores
52,4811.99,,Megadock scores,,,,,52,Megadock scores
477,4811.27,,Megadock scores,,,,,477,Megadock scores
411,4807.8,,Megadock scores,,,,,411,Megadock scores
299,4806.51,,Megadock scores,,,,,299,Megadock scores
481,4806.23,,Megadock scores,,,,,481,Megadock scores
92,4804.35,,Megadock scores,,,,,92,Megadock scores
249,4796.74,,Megadock scores,,,,,249,Megadock scores
416,4790.78,,Megadock scores,,,,,416,Megadock scores
396,4790.08,,Megadock scores,,,,,396,Megadock scores
353,4787,,Megadock scores,,,,,353,Megadock scores
6,4783.95,,Megadock scores,,,,,6,Megadock scores
196,4782.69,,Megadock scores,,,,,196,Megadock scores
315,4779.42,,Megadock scores,,,,,209,Alaphafold ΔG
157,4773.46,,Megadock scores,,,,,220,Alaphafold ΔG
67,4771.99,,Megadock scores,,,,,249,Alaphafold ΔG
191,4771.18,,Megadock scores,,,,,461,Alaphafold ΔG
473,4770.18,,Megadock scores,,,,,213,Alaphafold ΔG
468,4760.69,,Megadock scores,,,,,272,Alaphafold ΔG
469,4755.97,,Megadock scores,,,,,491,Alaphafold ΔG
339,4752.07,,Megadock scores,,,,,476,Alaphafold ΔG
208,4748.88,,Megadock scores,,,,,486,Alaphafold ΔG
268,4747.29,,Megadock scores,,,,,319,Alaphafold ΔG
26,4742.14,,Megadock scores,,,,,316,Alaphafold ΔG
36,4741.5,,Megadock scores,,,,,53,Alaphafold ΔG
419,4739.38,,Megadock scores,,,,,207,Alaphafold ΔG
347,4738.39,,Megadock scores,,,,,477,Alaphafold ΔG
207,4736.46,,Megadock scores,,,,,134,Alaphafold ΔG
259,4732.29,,Megadock scores,,,,,248,Alaphafold ΔG
33,4731.96,,Megadock scores,,,,,453,Alaphafold ΔG
269,4731.86,,Megadock scores,,,,,223,Alaphafold ΔG
60,4729.42,,Megadock scores,,,,,497,Alaphafold ΔG
118,4729.31,,Megadock scores,,,,,298,Alaphafold ΔG
467,4724.41,,Megadock scores,,,,,485,Alaphafold ΔG
15,4724.19,,Megadock scores,,,,,246,Alaphafold ΔG
220,4722.99,,Megadock scores,,,,,283,Alaphafold ΔG
247,4715.64,,Megadock scores,,,,,217,Alaphafold ΔG
265,4713.67,,Megadock scores,,,,,177,Alaphafold ΔG
101,4712.55,,Megadock scores,,,,,460,Alaphafold ΔG
173,4711.12,,Megadock scores,,,,,105,Alaphafold ΔG
354,4708.52,,Megadock scores,,,,,496,Alaphafold ΔG
391,4705.7,,Megadock scores,,,,,240,Alaphafold ΔG
350,4702.34,,Megadock scores,,,,,156,Alaphafold ΔG
153,4700.19,,Megadock scores,,,,,426,Alaphafold ΔG
255,4696.88,,Megadock scores,,,,,218,Alaphafold ΔG
86,4696.08,,Megadock scores,,,,,276,Alaphafold ΔG
222,4695.26,,Megadock scores,,,,,471,Alaphafold ΔG
22,4691.64,,Megadock scores,,,,,287,Alaphafold ΔG
172,4691.5,,Megadock scores,,,,,379,Alaphafold ΔG
291,4688.51,,Megadock scores,,,,,333,Alaphafold ΔG
445,4686.52,,Megadock scores,,,,,51,Alaphafold ΔG
224,4686.42,,Megadock scores,,,,,16,Alaphafold ΔG
359,4684.77,,Megadock scores,,,,,299,Alaphafold ΔG
239,4683.69,,Megadock scores,,,,,475,Alaphafold ΔG
47,4682.07,,Megadock scores,,,,,222,Alaphafold ΔG
235,4680.29,,Megadock scores,,,,,490,Alaphafold ΔG
219,4680.11,,Megadock scores,,,,,481,Alaphafold ΔG
176,4679.93,,Megadock scores,,,,,211,Alaphafold ΔG
261,4678.98,,Megadock scores,,,,,89,Alaphafold ΔG
7,4678.16,,Megadock scores,,,,,178,Alaphafold ΔG
14,4677.25,,Megadock scores,,,,,254,Alaphafold ΔG
3,4675.39,,Megadock scores,,,,,321,Alaphafold ΔG
452,4670.17,,Megadock scores,,,,,202,Alaphafold ΔG
139,4669.91,,Megadock scores,,,,,93,Alaphafold ΔG
430,4669.7,,Megadock scores,,,,,73,Alaphafold ΔG
110,4665.54,,Megadock scores,,,,,153,Alaphafold ΔG
281,4661.52,,Megadock scores,,,,,184,Alaphafold ΔG
206,4657.52,,Megadock scores,,,,,227,Alaphafold ΔG
40,4656.07,,Megadock scores,,,,,291,Alaphafold ΔG
342,4651.94,,Megadock scores,,,,,143,Alaphafold ΔG
460,4651.55,,Megadock scores,,,,,378,Alaphafold ΔG
293,4649.61,,Megadock scores,,,,,449,Alaphafold ΔG
122,4643.21,,Megadock scores,,,,,312,Alaphafold ΔG
250,4639.74,,Megadock scores,,,,,340,Alaphafold ΔG
149,4638.83,,Megadock scores,,,,,488,Alaphafold ΔG
344,4638.51,,Megadock scores,,,,,458,Alaphafold ΔG
422,4636.57,,Megadock scores,,,,,464,Alaphafold ΔG
370,4635.33,,Megadock scores,,,,,295,Alaphafold ΔG
76,4634.98,,Megadock scores,,,,,470,Alaphafold ΔG
123,4632.9,,Megadock scores,,,,,376,Alaphafold ΔG
88,4631.45,,Megadock scores,,,,,349,Alaphafold ΔG
316,4625.88,,Megadock scores,,,,,479,Alaphafold ΔG
142,4625.75,,Megadock scores,,,,,422,Alaphafold ΔG
23,4625.58,,Megadock scores,,,,,323,Alaphafold ΔG
121,4625.04,,Megadock scores,,,,,251,Alaphafold ΔG
285,4621.42,,Megadock scores,,,,,296,Alaphafold ΔG
179,4618.71,,Megadock scores,,,,,294,Alaphafold ΔG
294,4618.1,,Megadock scores,,,,,313,Alaphafold ΔG
189,4617.1,,Megadock scores,,,,,494,Alaphafold ΔG
214,4616.06,,Megadock scores,,,,,64,Alaphafold ΔG
349,4615.23,,Megadock scores,,,,,90,Alaphafold ΔG
448,4615.21,,Megadock scores,,,,,302,Alaphafold ΔG
181,4615.15,,Megadock scores,,,,,394,Alaphafold ΔG
292,4615.14,,Megadock scores,,,,,284,Alaphafold ΔG
361,4614.41,,Megadock scores,,,,,304,Alaphafold ΔG
365,4610.78,,Megadock scores,,,,,215,Alaphafold ΔG
319,4609.6,,Megadock scores,,,,,176,Alaphafold ΔG
388,4609.12,,Megadock scores,,,,,329,Alaphafold ΔG
474,4608.97,,Megadock scores,,,,,280,Alaphafold ΔG
180,4606.59,,Megadock scores,,,,,12,Alaphafold ΔG
200,4605.62,,Megadock scores,,,,,338,Alaphafold ΔG
394,4605.28,,Megadock scores,,,,,355,Alaphafold ΔG
111,4604.91,,Megadock scores,,,,,27,Alaphafold ΔG
63,4604.52,,Megadock scores,,,,,94,Alaphafold ΔG
447,4601.5,,Megadock scores,,,,,219,Alaphafold ΔG
0,4600.73,,Megadock scores,,,,,478,Alaphafold ΔG
351,4600.68,,Megadock scores,,,,,99,Alaphafold ΔG
46,4599.85,,Megadock scores,,,,,300,Alaphafold ΔG
320,4599.38,,Megadock scores,,,,,442,Alaphafold ΔG
113,4599.31,,Megadock scores,,,,,432,Alaphafold ΔG
279,4598.64,,Megadock scores,,,,,235,Alaphafold ΔG
491,4596.22,,Megadock scores,,,,,138,Alaphafold ΔG
406,4595.95,,Megadock scores,,,,,435,Alaphafold ΔG
188,4593.1,,Megadock scores,,,,,292,Megadock ΔG
44,4584.94,,Megadock scores,,,,,165,Megadock ΔG
489,4584.54,,Megadock scores,,,,,34,Megadock ΔG
114,4580.78,,Megadock scores,,,,,360,Megadock ΔG
425,4580.76,,Megadock scores,,,,,308,Megadock ΔG
283,4580.08,,Megadock scores,,,,,76,Megadock ΔG
413,4579.8,,Megadock scores,,,,,18,Megadock ΔG
376,4579.67,,Megadock scores,,,,,112,Megadock ΔG
197,4578.5,,Megadock scores,,,,,247,Megadock ΔG
43,4574.47,,Megadock scores,,,,,195,Megadock ΔG
380,4574.38,,Megadock scores,,,,,259,Megadock ΔG
48,4571.51,,Megadock scores,,,,,493,Megadock ΔG
61,4565.62,,Megadock scores,,,,,479,Megadock ΔG
97,4564.94,,Megadock scores,,,,,286,Megadock ΔG
440,4564.51,,Megadock scores,,,,,433,Megadock ΔG
93,4561.36,,Megadock scores,,,,,441,Megadock ΔG
165,4560.02,,Megadock scores,,,,,229,Megadock ΔG
155,4559.28,,Megadock scores,,,,,172,Megadock ΔG
152,4553.93,,Megadock scores,,,,,389,Megadock ΔG
174,4552.95,,Megadock scores,,,,,9,Megadock ΔG
330,4550.65,,Megadock scores,,,,,57,Megadock ΔG
488,4547.45,,Megadock scores,,,,,221,Megadock ΔG
313,4547.38,,Megadock scores,,,,,457,Megadock ΔG
168,4546.15,,Megadock scores,,,,,133,Megadock ΔG
2,4546.04,,Megadock scores,,,,,428,Megadock ΔG
337,4545.09,,Megadock scores,,,,,111,Megadock ΔG
306,4544.89,,Megadock scores,,,,,242,Megadock ΔG
484,4541.02,,Megadock scores,,,,,212,Megadock ΔG
62,4537.83,,Megadock scores,,,,,136,Megadock ΔG
297,4537.66,,Megadock scores,,,,,261,Megadock ΔG
141,4537.54,,Megadock scores,,,,,236,Megadock ΔG
421,4537.12,,Megadock scores,,,,,345,Megadock ΔG
273,4534.88,,Megadock scores,,,,,43,Megadock ΔG
456,4533.39,,Megadock scores,,,,,350,Megadock ΔG
1,4532.32,,Megadock scores,,,,,323,Megadock ΔG
462,4529.67,,Megadock scores,,,,,82,Megadock ΔG
226,4527.23,,Megadock scores,,,,,393,Megadock ΔG
21,4525.32,,Megadock scores,,,,,341,Megadock ΔG
390,4524.64,,Megadock scores,,,,,137,Megadock ΔG
39,4524.43,,Megadock scores,,,,,97,Megadock ΔG
37,4522.97,,Megadock scores,,,,,332,Megadock ΔG
348,4522.61,,Megadock scores,,,,,210,Megadock ΔG
405,4518.07,,Megadock scores,,,,,120,Megadock ΔG
223,4515.59,,Megadock scores,,,,,473,Megadock ΔG
73,4515.31,,Megadock scores,,,,,227,Megadock ΔG
490,4514.57,,Megadock scores,,,,,330,Megadock ΔG
375,4511.96,,Megadock scores,,,,,174,Megadock ΔG
245,4511.58,,Megadock scores,,,,,315,Megadock ΔG
185,4511.08,,Megadock scores,,,,,147,Megadock ΔG
383,4509.19,,Megadock scores,,,,,482,Megadock ΔG
366,4508.54,,Megadock scores,,,,,244,Megadock ΔG
182,4507.47,,Megadock scores,,,,,203,Megadock ΔG
237,4501.66,,Megadock scores,,,,,126,Megadock ΔG
437,4495.17,,Megadock scores,,,,,160,Megadock ΔG
260,4493.04,,Megadock scores,,,,,105,Megadock ΔG
242,4491.68,,Megadock scores,,,,,365,Megadock ΔG
455,4491.1,,Megadock scores,,,,,388,Megadock ΔG
492,4490.08,,Megadock scores,,,,,366,Megadock ΔG
334,4488.09,,Megadock scores,,,,,238,Megadock ΔG
42,4483.68,,Megadock scores,,,,,220,Megadock ΔG
401,4482.14,,Megadock scores,,,,,88,Megadock ΔG
304,4481.94,,Megadock scores,,,,,45,Megadock ΔG
128,4480.05,,Megadock scores,,,,,208,Megadock ΔG
270,4473.74,,Megadock scores,,,,,453,Megadock ΔG
229,4472.01,,Megadock scores,,,,,140,Megadock ΔG
459,4469.94,,Megadock scores,,,,,264,Megadock ΔG
71,4469.7,,Megadock scores,,,,,481,Megadock ΔG
271,4467.28,,Megadock scores,,,,,144,Megadock ΔG
105,4464.57,,Megadock scores,,,,,387,Megadock ΔG
338,4464.38,,Megadock scores,,,,,465,Megadock ΔG
178,4463.64,,Megadock scores,,,,,499,Megadock ΔG
107,4460.28,,Megadock scores,,,,,444,Megadock ΔG
146,4455.87,,Megadock scores,,,,,223,Megadock ΔG
427,4455.81,,Megadock scores,,,,,77,Megadock ΔG
102,4454.35,,Megadock scores,,,,,109,Megadock ΔG
392,4454.18,,Megadock scores,,,,,94,Megadock ΔG
322,4453.8,,Megadock scores,,,,,400,Megadock ΔG
151,4453.12,,Megadock scores,,,,,169,Megadock ΔG
83,4452.26,,Megadock scores,,,,,4,Megadock ΔG
98,4451.44,,Megadock scores,,,,,344,Megadock ΔG
4,4449.79,,Megadock scores,,,,,352,Megadock ΔG
256,4448.51,,Megadock scores,,,,,415,Megadock ΔG
217,4448.33,,Megadock scores,,,,,267,Megadock ΔG
194,4448.05,,Megadock scores,,,,,445,Megadock ΔG
495,4447,,Megadock scores,,,,,475,Megadock ΔG
99,4445.63,,Megadock scores,,,,,476,Megadock ΔG
451,4442.05,,Megadock scores,,,,,230,Megadock ΔG
126,4440.72,,Megadock scores,,,,,348,Megadock ΔG
332,4439.38,,Megadock scores,,,,,432,Megadock ΔG
159,4438.45,,Megadock scores,,,,,451,Megadock ΔG
130,4436.02,,Megadock scores,,,,,166,Megadock ΔG
345,4434.8,,Megadock scores,,,,,143,Megadock ΔG
243,4432.85,,Megadock scores,,,,,378,Megadock ΔG
246,4430.25,,Megadock scores,,,,,466,Megadock ΔG
289,4429.39,,Megadock scores,,,,,346,Megadock ΔG
116,4427.56,,Megadock scores,,,,,8,Megadock ΔG
418,4426.24,,Megadock scores,,,,,180,Megadock ΔG
221,4425.16,,Megadock scores,,,,,342,Megadock ΔG
203,4424.24,,Megadock scores,,,,,100,Megadock ΔG
254,4423.48,,Megadock scores,,,,,458,Megadock ΔG
340,4423.16,,Megadock scores,,,,,,
234,4421.96,,Megadock scores,,,,,,
264,4421.73,,Megadock scores,,,,,,
312,4414.34,,Megadock scores,,,,,,
45,4413.87,,Megadock scores,,,,,,
164,4408.78,,Megadock scores,,,,,,
8,4406.23,,Megadock scores,,,,,,
367,4404.73,,Megadock scores,,,,,,
9,4404.66,,Megadock scores,,,,,,
485,4402.84,,Megadock scores,,,,,,
154,4401.91,,Megadock scores,,,,,,
442,4400.53,,Megadock scores,,,,,,
453,4396.94,,Megadock scores,,,,,,
25,4395.31,,Megadock scores,,,,,,
94,4392.87,,Megadock scores,,,,,,
439,4392.79,,Megadock scores,,,,,,
120,4392.11,,Megadock scores,,,,,,
140,4391.2,,Megadock scores,,,,,,
35,4387.55,,Megadock scores,,,,,,
27,4386.94,,Megadock scores,,,,,,
64,4386.84,,Megadock scores,,,,,,
252,4385.92,,Megadock scores,,,,,,
199,4384.77,,Megadock scores,,,,,,
458,4382.32,,Megadock scores,,,,,,
240,4381.97,,Megadock scores,,,,,,
309,4381.19,,Megadock scores,,,,,,
424,4380.76,,Megadock scores,,,,,,
372,4376.45,,Megadock scores,,,,,,
371,4376.22,,Megadock scores,,,,,,
446,4374.22,,Megadock scores,,,,,,
218,4374.19,,Megadock scores,,,,,,
204,4373.96,,Megadock scores,,,,,,
310,4370.41,,Megadock scores,,,,,,
432,4367.38,,Megadock scores,,,,,,
85,4367.08,,Megadock scores,,,,,,
471,4364.31,,Megadock scores,,,,,,
436,4360.39,,Megadock scores,,,,,,
362,4360.25,,Megadock scores,,,,,,
210,4355.05,,Megadock scores,,,,,,
143,4353.9,,Megadock scores,,,,,,
433,4352.86,,Megadock scores,,,,,,
28,4352.49,,Megadock scores,,,,,,
497,4351.33,,Megadock scores,,,,,,
74,4351.21,,Megadock scores,,,,,,
368,4349.61,,Megadock scores,,,,,,
404,4348.35,,Megadock scores,,,,,,
81,4347.87,,Megadock scores,,,,,,
84,4347.37,,Megadock scores,,,,,,
49,4344.67,,Megadock scores,,,,,,
100,4341.13,,Megadock scores,,,,,,
72,4339.24,,Megadock scores,,,,,,
209,4335.49,,Megadock scores,,,,,,
236,4335.07,,Megadock scores,,,,,,
57,4332.25,,Megadock scores,,,,,,
449,4332.2,,Megadock scores,,,,,,
324,4330.73,,Megadock scores,,,,,,
89,4328.23,,Megadock scores,,,,,,
136,4326.42,,Megadock scores,,,,,,
463,4326.33,,Megadock scores,,,,,,
30,4326.07,,Megadock scores,,,,,,
53,4324.91,,Megadock scores,,,,,,
148,4323.45,,Megadock scores,,,,,,
244,4318.58,,Megadock scores,,,,,,
384,4314.02,,Megadock scores,,,,,,
475,4309.27,,Megadock scores,,,,,,
389,4309.18,,Megadock scores,,,,,,
156,4308.92,,Megadock scores,,,,,,
395,4308.54,,Megadock scores,,,,,,
24,4308.3,,Megadock scores,,,,,,
19,4307.46,,Megadock scores,,,,,,
287,4301.69,,Megadock scores,,,,,,
438,4301.54,,Megadock scores,,,,,,
369,4300.27,,Megadock scores,,,,,,
429,4297.07,,Megadock scores,,,,,,
241,4296.71,,Megadock scores,,,,,,
144,4296.67,,Megadock scores,,,,,,
96,4295.2,,Megadock scores,,,,,,
382,4293.86,,Megadock scores,,,,,,
482,4292.95,,Megadock scores,,,,,,
397,4288.85,,Megadock scores,,,,,,
400,4285.13,,Megadock scores,,,,,,
464,4284.5,,Megadock scores,,,,,,
318,4283.98,,Megadock scores,,,,,,
386,4280.63,,Megadock scores,,,,,,
321,4278.83,,Megadock scores,,,,,,
466,4277.01,,Megadock scores,,,,,,
238,4276.03,,Megadock scores,,,,,,
423,4274.62,,Megadock scores,,,,,,
262,4272.36,,Megadock scores,,,,,,
486,4265.06,,Megadock scores,,,,,,
91,4264.04,,Megadock scores,,,,,,
381,4263.65,,Megadock scores,,,,,,
441,4261.16,,Megadock scores,,,,,,
480,4259.62,,Megadock scores,,,,,,
435,4258.97,,Megadock scores,,,,,,
257,4257.85,,Megadock scores,,,,,,
476,4256.66,,Megadock scores,,,,,,
171,4253.8,,Megadock scores,,,,,,
166,4253.73,,Megadock scores,,,,,,
162,4251.84,,Megadock scores,,,,,,
150,4251.59,,Megadock scores,,,,,,
138,4242.55,,Megadock scores,,,,,,
300,4240.99,,Megadock scores,,,,,,
374,4238.58,,Megadock scores,,,,,,
13,4238.31,,Megadock scores,,,,,,
104,4237.23,,Megadock scores,,,,,,
341,4230.92,,Megadock scores,,,,,,
331,4230.48,,Megadock scores,,,,,,
90,4228.72,,Megadock scores,,,,,,
470,4228.55,,Megadock scores,,,,,,
379,4228.07,,Megadock scores,,,,,,
5,4225.95,,Megadock scores,,,,,,
444,4224.54,,Megadock scores,,,,,,
494,4224.41,,Megadock scores,,,,,,
263,4223.1,,Megadock scores,,,,,,
125,4219.14,,Megadock scores,,,,,,
278,4216.48,,Megadock scores,,,,,,
378,4205.89,,Megadock scores,,,,,,
230,4200.76,,Megadock scores,,,,,,
16,4199.2,,Megadock scores,,,,,,
187,4195.24,,Megadock scores,,,,,,
335,4192.86,,Megadock scores,,,,,,
377,4186.05,,Megadock scores,,,,,,
483,4181.77,,Megadock scores,,,,,,
108,4180.07,,Megadock scores,,,,,,
213,4179.54,,Megadock scores,,,,,,
407,4174.39,,Megadock scores,,,,,,
387,4172.08,,Megadock scores,,,,,,
124,4163.93,,Megadock scores,,,,,,
364,4160.26,,Megadock scores,,,,,,
211,4153.9,,Megadock scores,,,,,,
272,4147.17,,Megadock scores,,,,,,
17,4146.92,,Megadock scores,,,,,,
408,4146.64,,Megadock scores,,,,,,
160,4146.3,,Megadock scores,,,,,,
129,4143.45,,Megadock scores,,,,,,
352,4140.96,,Megadock scores,,,,,,
115,4137.53,,Megadock scores,,,,,,
357,4137.24,,Megadock scores,,,,,,
133,4136.92,,Megadock scores,,,,,,
280,4136.83,,Megadock scores,,,,,,
498,4136.06,,Megadock scores,,,,,,
284,4132.91,,Megadock scores,,,,,,
190,4129.66,,Megadock scores,,,,,,
145,4127.22,,Megadock scores,,,,,,
478,4126.79,,Megadock scores,,,,,,
51,4124.12,,Megadock scores,,,,,,
274,4113.33,,Megadock scores,,,,,,
29,4111.43,,Megadock scores,,,,,,
258,4107.62,,Megadock scores,,,,,,
457,4101.12,,Megadock scores,,,,,,
11,4094.55,,Megadock scores,,,,,,
95,4094.2,,Megadock scores,,,,,,
465,4092.69,,Megadock scores,,,,,,
323,4090.89,,Megadock scores,,,,,,
487,4090.88,,Megadock scores,,,,,,
50,4090.06,,Megadock scores,,,,,,
59,4084.82,,Megadock scores,,,,,,
276,4079.36,,Megadock scores,,,,,,
202,4079.2,,Megadock scores,,,,,,
358,4072.51,,Megadock scores,,,,,,
314,4069.79,,Megadock scores,,,,,,
308,4068.79,,Megadock scores,,,,,,
248,4067,,Megadock scores,,,,,,
147,4065.35,,Megadock scores,,,,,,
298,4063.26,,Megadock scores,,,,,,
58,4055.05,,Megadock scores,,,,,,
161,4053.8,,Megadock scores,,,,,,
346,4052,,Megadock scores,,,,,,
496,4051.06,,Megadock scores,,,,,,
301,4046.25,,Megadock scores,,,,,,
158,4045.33,,Megadock scores,,,,,,
175,4029.23,,Megadock scores,,,,,,
177,4011.16,,Megadock scores,,,,,,
251,4009.14,,Megadock scores,,,,,,
186,4008.66,,Megadock scores,,,,,,
412,4003.64,,Megadock scores,,,,,,
195,4002.48,,Megadock scores,,,,,,
169,3999.54,,Megadock scores,,,,,,
137,3995.58,,Megadock scores,,,,,,
201,3992.39,,Megadock scores,,,,,,
479,3985,,Megadock scores,,,,,,
32,3980.56,,Megadock scores,,,,,,
356,3974.88,,Megadock scores,,,,,,
461,3974.26,,Megadock scores,,,,,,
225,3953.77,,Megadock scores,,,,,,
227,3949.89,,Megadock scores,,,,,,
290,3930.11,,Megadock scores,,,,,,
87,3912.59,,Megadock scores,,,,,,
163,3897.63,,Megadock scores,,,,,,
311,3880.38,,Megadock scores,,,,,,
454,3872.32,,Megadock scores,,,,,,
417,3857.66,,Megadock scores,,,,,,
253,3846.93,,Megadock scores,,,,,,
393,3826.27,,Megadock scores,,,,,,
170,3824.7,,Megadock scores,,,,,,
328,3805.95,,Megadock scores,,,,,,
167,3749.26,,Megadock scores,,,,,,
34,3723.55,,Megadock scores,,,,,,
355,0,,Megadock scores,,,,,,
